,Moderate_Moderate to Severe,Moderate_Severe,Moderate_Mild,Moderate_Very Severe,Moderate_Minimal,Moderate to Severe_Moderate,Moderate to Severe_Severe,Moderate to Severe_Mild,Moderate to Severe_Very Severe,Moderate to Severe_Minimal,Severe_Moderate,Severe_Moderate to Severe,Severe_Mild,Severe_Very Severe,Severe_Minimal,Mild_Moderate,Mild_Moderate to Severe,Mild_Severe,Mild_Very Severe,Mild_Minimal,Very Severe_Moderate,Very Severe_Moderate to Severe,Very Severe_Severe,Very Severe_Mild,Very Severe_Minimal,Minimal_Moderate,Minimal_Moderate to Severe,Minimal_Severe,Minimal_Mild,Minimal_Very Severe
NHY,8.760380750696551e-06,9.515896276148074e-05,5.546279069682613e-23,8.690680326590954e-22,1.571231859867348e-16,8.760380750696551e-06,0.5364746496506088,2.0854883199615608e-27,2.504624424207417e-11,4.770268700122887e-19,9.515896276148074e-05,0.5364746496506088,5.591198861678317e-17,6.581584370666153e-08,1.5189526013640493e-16,5.546279069682613e-23,2.0854883199615608e-27,5.591198861678317e-17,4.7713669612701354e-26,0.022770357737678902,8.690680326590954e-22,2.504624424207417e-11,6.581584370666153e-08,4.7713669612701354e-26,7.313809097783533e-14,1.571231859867348e-16,4.770268700122887e-19,1.5189526013640493e-16,0.022770357737678902,7.313809097783533e-14
NP2DRES,1.8016153120850482e-11,2.8882829523751027e-24,9.850814215634932e-15,2.275736709597729e-18,9.670942909171984e-12,1.8016153120850482e-11,9.576808993406636e-08,3.078576090824576e-39,1.1986866685160301e-08,7.241011806458401e-24,2.8882829523751027e-24,9.576808993406636e-08,5.22150044596213e-55,0.008919092190189175,3.4661741364372853e-38,9.850814215634932e-15,3.078576090824576e-39,5.22150044596213e-55,7.215406016691725e-39,0.00010631300118118134,2.275736709597729e-18,1.1986866685160301e-08,0.008919092190189175,7.215406016691725e-39,1.5327609689369379e-29,9.670942909171984e-12,7.241011806458401e-24,3.4661741364372853e-38,0.00010631300118118134,1.5327609689369379e-29
NP3BRADY,1.2210042614030987e-07,4.353913516297232e-11,2.0518671707506057e-24,3.0953658465675965e-07,2.3242617696140927e-16,1.2210042614030987e-07,0.006584269473770236,1.9134574418719694e-36,0.00643396191276741,1.5704033179656372e-22,4.353913516297232e-11,0.006584269473770236,2.2242806970185125e-31,0.37705828763694105,8.431159248624968e-21,2.0518671707506057e-24,1.9134574418719694e-36,2.2242806970185125e-31,1.0177840364510721e-17,0.003112024904912479,3.0953658465675965e-07,0.00643396191276741,0.37705828763694105,1.0177840364510721e-17,3.845231379937935e-14,2.3242617696140927e-16,1.5704033179656372e-22,8.431159248624968e-21,0.003112024904912479,3.845231379937935e-14
NP2HOBB,5.672645177513652e-12,6.158971767059597e-22,2.6794091638103227e-11,4.519887048586914e-22,5.804704327121952e-09,5.672645177513652e-12,8.735376786123185e-05,9.52205268350283e-32,7.116783658243374e-08,2.2156787122506493e-16,6.158971767059597e-22,8.735376786123185e-05,3.0129009767623486e-42,0.010808828420269707,2.7448934501853975e-22,2.6794091638103227e-11,9.52205268350283e-32,3.0129009767623486e-42,5.209003396446961e-40,0.0018143902309139175,4.519887048586914e-22,7.116783658243374e-08,0.010808828420269707,5.209003396446961e-40,9.49335080922271e-26,5.804704327121952e-09,2.2156787122506493e-16,2.7448934501853975e-22,0.0018143902309139175,9.49335080922271e-26
NP3POSTR,5.5252874385283204e-08,1.6078537521332925e-10,1.3909221006686302e-15,9.26897854812904e-09,2.382223467396695e-12,5.5252874385283204e-08,0.017334541700327402,7.147624146539106e-31,0.0014430780339732647,3.020171836560626e-20,1.6078537521332925e-10,0.017334541700327402,7.029968751390015e-29,0.1201764099489212,1.5416914243821696e-22,1.3909221006686302e-15,7.147624146539106e-31,7.029968751390015e-29,4.2786458159478736e-20,0.0007732574064461444,9.26897854812904e-09,0.0014430780339732647,0.1201764099489212,4.2786458159478736e-20,1.082523321756985e-19,2.382223467396695e-12,3.020171836560626e-20,1.5416914243821696e-22,0.0007732574064461444,1.082523321756985e-19
NP2RISE,4.212437962601557e-13,1.5135636836479092e-25,2.5939690977659453e-06,2.3097139716160434e-21,6.733825643015371e-08,4.212437962601557e-13,9.71909472437145e-06,2.1502169623539354e-26,1.597235618531971e-07,3.2310475245626417e-16,1.5135636836479092e-25,9.71909472437145e-06,4.1480881102677683e-41,0.01122394342624313,2.485040216560362e-27,2.5939690977659453e-06,2.1502169623539354e-26,4.1480881102677683e-41,7.738486356855632e-32,0.00046025501364877836,2.3097139716160434e-21,1.597235618531971e-07,0.01122394342624313,7.738486356855632e-32,3.2064989918924975e-20,6.733825643015371e-08,3.2310475245626417e-16,2.485040216560362e-27,0.00046025501364877836,3.2064989918924975e-20
NP2EAT,5.869059083085542e-10,4.444018632255907e-18,5.512885103780679e-11,1.297106289398349e-15,4.449586142107824e-08,5.869059083085542e-10,0.000726572000240748,1.3473368496406744e-28,2.3104377600397437e-05,2.79155462605209e-14,4.444018632255907e-18,0.000726572000240748,1.805702957011669e-40,0.03145437002482594,3.246046726945899e-24,5.512885103780679e-11,1.3473368496406744e-28,1.805702957011669e-40,2.880208952975373e-31,0.004046331156581498,1.297106289398349e-15,2.3104377600397437e-05,0.03145437002482594,2.880208952975373e-31,2.956708332935433e-19,4.449586142107824e-08,2.79155462605209e-14,3.246046726945899e-24,0.004046331156581498,2.956708332935433e-19
NP3RIGN,8.504088914038816e-05,0.0001457001970031976,8.809067880347485e-21,1.2189636824285875e-06,2.8028564731660245e-10,8.504088914038816e-05,0.3124297388787738,4.431756189696402e-31,0.0023566169022352793,7.491270658724679e-16,0.0001457001970031976,0.3124297388787738,7.303230395726383e-23,0.03373770462228447,6.327228625722841e-15,8.809067880347485e-21,4.431756189696402e-31,7.303230395726383e-23,1.3115991530028711e-20,0.0553221089562059,1.2189636824285875e-06,0.0023566169022352793,0.03373770462228447,1.3115991530028711e-20,4.772997547132636e-16,2.8028564731660245e-10,7.491270658724679e-16,6.327228625722841e-15,0.0553221089562059,4.772997547132636e-16
NP3FACXP,4.803434629392045e-05,1.2768818614093928e-06,6.731874959969322e-16,6.111297041137282e-08,2.798105151205107e-17,4.803434629392045e-05,0.08409304999307819,1.2708677228920656e-23,0.0011486695820611512,4.97972281432845e-20,1.2768818614093928e-06,0.08409304999307819,1.9820740060833024e-20,0.04698022403843908,2.365887343065715e-19,6.731874959969322e-16,1.2708677228920656e-23,1.9820740060833024e-20,9.621493764550373e-17,3.308891356677593e-06,6.111297041137282e-08,0.0011486695820611512,0.04698022403843908,9.621493764550373e-17,7.061654440444689e-16,2.798105151205107e-17,4.97972281432845e-20,2.365887343065715e-19,3.308891356677593e-06,7.061654440444689e-16
NP3TTAPR,2.6175191093120326e-10,2.2157748765618648e-10,5.523455782487894e-10,1.4012205143524515e-16,2.4194905618867442e-06,2.6175191093120326e-10,0.06955711283734795,3.3377744274789794e-28,1.7959174691196468e-07,6.7964308385076895e-15,2.2157748765618648e-10,0.06955711283734795,1.6834310392987723e-23,0.00034262802620980347,4.83372268299091e-15,5.523455782487894e-10,3.3377744274789794e-28,1.6834310392987723e-23,8.863798204079703e-28,0.10322904488745809,1.4012205143524515e-16,1.7959174691196468e-07,0.00034262802620980347,8.863798204079703e-28,3.817703546469975e-19,2.4194905618867442e-06,6.7964308385076895e-15,4.83372268299091e-15,0.10322904488745809,3.817703546469975e-19
NP3TTAPL,3.725003580694215e-06,4.6857728687425715e-07,2.3962854859344633e-09,4.029455733856343e-12,2.609320284404996e-10,3.725003580694215e-06,0.116896651883769,8.281438179337206e-22,5.641396448784615e-06,3.3458481408276616e-16,4.6857728687425715e-07,0.116896651883769,1.7440987233541735e-21,0.00011992047326890935,4.51045520423304e-21,2.3962854859344633e-09,8.281438179337206e-22,1.7440987233541735e-21,7.306238962747196e-26,2.0160355783924803e-05,4.029455733856343e-12,5.641396448784615e-06,0.00011992047326890935,7.306238962747196e-26,1.3247654833900814e-23,2.609320284404996e-10,3.3458481408276616e-16,4.51045520423304e-21,2.0160355783924803e-05,1.3247654833900814e-23
NP3SPCH,2.255268207657692e-06,1.5957899987542908e-10,1.6120690898081085e-10,1.9978935520094925e-10,2.3594690337211613e-09,2.255268207657692e-06,0.00909353995242384,4.67963596116118e-22,0.00017890196797553588,1.718385046006841e-14,1.5957899987542908e-10,0.00909353995242384,3.862530098577756e-26,0.03637132193786085,2.7154588687316097e-21,1.6120690898081085e-10,4.67963596116118e-22,3.862530098577756e-26,1.2369210681512892e-19,0.0014587946977420306,1.9978935520094925e-10,0.00017890196797553588,0.03637132193786085,1.2369210681512892e-19,3.801816618903767e-13,2.3594690337211613e-09,1.718385046006841e-14,2.7154588687316097e-21,0.0014587946977420306,3.801816618903767e-13
NP2WALK,8.780740759227039e-12,8.848719385674025e-12,4.899644450470898e-06,3.7581559861817925e-25,3.9287849435131194e-07,8.780740759227039e-12,0.3803671627397087,1.3972379134501894e-21,4.371711965684516e-07,1.4743765095078215e-11,8.848719385674025e-12,0.3803671627397087,7.930984721850477e-23,5.183334211854693e-07,2.0621241184616233e-21,4.899644450470898e-06,1.3972379134501894e-21,7.930984721850477e-23,4.3296072095221405e-34,0.0023447892266533856,3.7581559861817925e-25,4.371711965684516e-07,5.183334211854693e-07,4.3296072095221405e-34,1.9430243156647043e-19,3.9287849435131194e-07,1.4743765095078215e-11,2.0621241184616233e-21,0.0023447892266533856,1.9430243156647043e-19
NP3RIGRU,3.165466204767393e-05,8.389987745645465e-05,6.08743656649653e-09,6.176900176182287e-07,1.1068508355000562e-09,3.165466204767393e-05,0.3490276927618078,2.3897606107087997e-16,0.0038492104089718417,1.212729183412462e-13,8.389987745645465e-05,0.3490276927618078,1.8610708726950265e-11,0.04932058382608414,4.111240929971729e-11,6.08743656649653e-09,2.3897606107087997e-16,1.8610708726950265e-11,2.17889608429944e-11,0.004525682708380609,6.176900176182287e-07,0.0038492104089718417,0.04932058382608414,2.17889608429944e-11,6.031189538903225e-14,1.1068508355000562e-09,1.212729183412462e-13,4.111240929971729e-11,0.004525682708380609,6.031189538903225e-14
NP2HYGN,1.4616275187553853e-09,5.557021263054631e-10,8.924773224237517e-07,1.411021852062922e-09,5.092873859840124e-06,1.4616275187553853e-09,0.12336799161534939,5.840657395554773e-23,0.003889738249083993,7.977447635030563e-13,5.557021263054631e-10,0.12336799161534939,1.8042107698264438e-22,0.05170120761893807,2.093551872764921e-17,8.924773224237517e-07,5.840657395554773e-23,1.8042107698264438e-22,1.588440630646592e-18,0.012662542233704555,1.411021852062922e-09,0.003889738249083993,0.05170120761893807,1.588440630646592e-18,2.606295794871407e-16,5.092873859840124e-06,7.977447635030563e-13,2.093551872764921e-17,0.012662542233704555,2.606295794871407e-16
NP3HMOVL,1.1657645163525954e-06,8.519850236732602e-13,6.96034209208266e-13,1.76613241160209e-07,7.522901344395628e-12,1.1657645163525954e-06,0.0005597897556592393,1.0198859759187133e-25,0.00328060818598324,9.306823234234808e-19,8.519850236732602e-13,0.0005597897556592393,1.0165527842884015e-29,0.5431682099085425,1.0330786973075856e-21,6.96034209208266e-13,1.0198859759187133e-25,1.0165527842884015e-29,5.2585907736405995e-17,0.00023103172279203142,1.76613241160209e-07,0.00328060818598324,0.5431682099085425,5.2585907736405995e-17,2.2606868850893745e-18,7.522901344395628e-12,9.306823234234808e-19,1.0330786973075856e-21,0.00023103172279203142,2.2606868850893745e-18
NP3RIGLU,0.01610859445963393,0.001344503715726165,9.872167716645882e-12,0.0039491678844921566,1.7989571864084693e-10,0.01610859445963393,0.14343708835030564,2.7784228549040893e-15,0.06474313600634017,1.803630108532494e-13,0.001344503715726165,0.14343708835030564,2.8205977611908124e-13,0.346754150861752,7.044412697078424e-15,9.872167716645882e-12,2.7784228549040893e-15,2.8205977611908124e-13,4.003266807200376e-08,0.0022924493661485913,0.0039491678844921566,0.06474313600634017,0.346754150861752,4.003266807200376e-08,3.8072453431067694e-10,1.7989571864084693e-10,1.803630108532494e-13,7.044412697078424e-15,0.0022924493661485913,3.8072453431067694e-10
NP3FTAPL,2.8513689552752926e-06,7.3720642853141e-12,2.0403700551438986e-10,6.632476075125689e-08,3.1349093167873204e-12,2.8513689552752926e-06,0.0021227392227241193,7.116193797393204e-21,0.002850240321712597,3.457978684084598e-17,7.3720642853141e-12,0.0021227392227241193,1.6541251822489948e-25,0.2758233146837851,1.2764978016904895e-23,2.0403700551438986e-10,7.116193797393204e-21,1.6541251822489948e-25,1.963656644912773e-15,6.102801288377643e-05,6.632476075125689e-08,0.002850240321712597,0.2758233146837851,1.963656644912773e-15,4.074377732987492e-19,3.1349093167873204e-12,3.457978684084598e-17,1.2764978016904895e-23,6.102801288377643e-05,4.074377732987492e-19
NP2SPCH,4.528388574586934e-07,7.116264381113301e-15,1.5552995974445008e-07,6.390720897466819e-14,8.282929933491485e-06,4.528388574586934e-07,0.0005067890490238725,2.9108349479702743e-20,1.18821841310508e-05,1.212057170753172e-10,7.116264381113301e-15,0.0005067890490238725,1.0607056943798954e-30,0.0516947892710912,9.770653610101469e-17,1.5552995974445008e-07,2.9108349479702743e-20,1.0607056943798954e-30,3.009090386380684e-27,0.01887430994618045,6.390720897466819e-14,1.18821841310508e-05,0.0516947892710912,3.009090386380684e-27,3.749327988505216e-18,8.282929933491485e-06,1.212057170753172e-10,9.770653610101469e-17,0.01887430994618045,3.749327988505216e-18
NP3RISNG,3.312847922912526e-13,1.9201680796404328e-14,2.4613991650631185e-06,1.0829174464817459e-37,0.007306223340041986,3.312847922912526e-13,0.13889459228423018,7.10532417487454e-26,9.60331399745616e-10,2.0002091519700792e-07,1.9201680796404328e-14,0.13889459228423018,1.0688758746786809e-30,3.0219296463029913e-05,6.477123450201364e-09,2.4613991650631185e-06,7.10532417487454e-26,1.0688758746786809e-30,1.1049329118223622e-70,0.21492794640797283,1.0829174464817459e-37,9.60331399745616e-10,3.0219296463029913e-05,1.1049329118223622e-70,4.459797114563153e-19,0.007306223340041986,2.0002091519700792e-07,6.477123450201364e-09,0.21492794640797283,4.459797114563153e-19
